image,box_xmin,box_ymin,box_xmax,box_ymax,box_area,box_proportion,box_percent,change_area,change_proportion,change_percent,change_box_proportion,change_box_percent,centroid_x,centroid_y,a,b,eccentricity
catchAirplane-a,33,177,537,327,75600,0.216,21.6,54163,0.154751,15.4751,0.716442,71.6442,268,258,82,8,82.3893
catchBoat-a,314,211,527,303,19596,0.0559886,5.59886,14810,0.0423143,4.23143,0.755766,75.5766,418,259,68,9,68.593
catchCow-a,178,91,626,407,141568,0.40448,40.448,121005,0.345729,34.5729,0.854748,85.4748,419,255,69,5,69.1809
catchGarden-a,700,37.5,714,64.5,378,0.000993874,0.0993874,297,0.000780901,0.0780901,0.785714,78.5714,706,51.5,341,209,399.952
ma_10504629-a,-0.5,161,151.5,358,29944,0.0897871,8.97871,26792,0.0803358,8.03358,0.894737,89.4737,76.5,258,257,8,257.124
ma_10810329-a,167.5,257,266.5,321,6336,0.0189985,1.89985,5318,0.015946,1.5946,0.839331,83.9331,216.5,286,117,36,122.413
ma_1191801-a,202.5,129,254.5,177,2496,0.00748426,0.748426,1874,0.00561919,0.561919,0.750801,75.0801,226.5,153,107,97,144.423
ma_12115280-a,385.5,204,425.5,241,1480,0.00443778,0.443778,980,0.00293853,0.293853,0.662162,66.2162,404.5,220,71,30,77.0779
ma_12178414-a,286.5,176,359.5,209,2409,0.00722339,0.722339,2143,0.00642579,0.642579,0.889581,88.9581,322.5,193,11,57,58.0517
ma_13141692-a,550.5,358,593.5,417,2537,0.0076072,0.76072,1858,0.00557121,0.557121,0.732361,73.2361,568.5,386,235,136,271.516
ma_1383096-a,414.5,3,497.5,77,6142,0.0184168,1.84168,4910,0.0147226,1.47226,0.799414,79.9414,456.5,37,123,213,245.963
ma_13873251-a,49.5,260,112.5,334,4662,0.013979,1.3979,3776,0.0113223,1.13223,0.809953,80.9953,79.5,295,254,45,257.955
ma_16527526-a,540.5,205,599.5,364,9381,0.0281289,2.81289,8416,0.0252354,2.52354,0.897133,89.7133,568.5,283,235,33,237.306
ma_18169626-a,302.5,181,422.5,349,20160,0.0604498,6.04498,16026,0.048054,4.8054,0.79494,79.494,358.5,268,25,18,30.8058
ma_18345691-a,256.5,16,322.5,94,5148,0.0154363,1.54363,4259,0.0127706,1.27706,0.827312,82.7312,288.5,54,45,196,201.099
ma_22020472-a,566.5,280,644.5,321,3198,0.00958921,0.958921,2727,0.00817691,0.817691,0.85272,85.272,603.5,301,270,51,274.774
ma_23024660-a,351.5,165,417.5,248,5478,0.0164258,1.64258,5042,0.0151184,1.51184,0.920409,92.0409,384.5,206,51,44,67.3573
ma_23199105-a,502.5,48,590.5,103,4840,0.0145127,1.45127,3201,0.0095982,0.95982,0.661364,66.1364,546.5,75,213,175,275.67
ma_24383097-a,81.5,25,179.5,164,13622,0.0408456,4.08456,9600,0.0287856,2.87856,0.704742,70.4742,128.5,101,205,149,253.428
ma_25107991-a,320.5,147,364.5,187,1760,0.00527736,0.527736,1186,0.00355622,0.355622,0.673864,67.3864,342.5,168,9,82,82.4924
ma_27857618-a,198.5,2,337.5,177,24325,0.0729385,7.29385,19885,0.0596252,5.96252,0.817472,81.7472,266.5,90,67,160,173.462
ma_3099758-a,303.5,369,378.5,434,4875,0.0146177,1.46177,3959,0.0118711,1.18711,0.812103,81.2103,341.5,403,8,153,153.209
ma_31236119-a,440.5,44,569.5,73,3741,0.0112174,1.12174,3009,0.00902249,0.902249,0.80433,80.433,501.5,57,168,193,255.877
ma_32289063-a,306.5,285,360.5,336,2754,0.00825787,0.825787,2196,0.00658471,0.658471,0.797386,79.7386,333.5,310,0,60,60
ma_38466626-a,288.5,422,425.5,482,8220,0.0246477,2.46477,6019,0.018048,1.8048,0.732238,73.2238,361.5,451,28,201,202.941
ma_38546029-a,344.5,405,371.5,433,756,0.00226687,0.226687,627,0.00188006,0.188006,0.829365,82.9365,357.5,419,24,169,170.696
ma_42429798-a,334.5,257,382.5,301,2112,0.00633283,0.633283,1336,0.004006,0.4006,0.632576,63.2576,357.5,277,24,27,36.1248
ma_4247084-a,202.5,17,258.5,77,3360,0.010075,1.0075,2954,0.00885757,0.885757,0.879167,87.9167,230.5,44,103,206,230.315
ma_44993860-a,454.5,251,603.5,398,21903,0.0656762,6.56762,16183,0.0485247,4.85247,0.738849,73.8849,529.5,322,196,72,208.806
ma_45525109-a,198.5,283,242.5,311,1232,0.00369415,0.369415,651,0.00195202,0.195202,0.528409,52.8409,220.5,296,113,46,122.004
ma_46475259-a,384.5,433,430.5,497,2944,0.00882759,0.882759,2375,0.00712144,0.712144,0.806726,80.6726,406.5,464,73,214,226.108
ma_46635293-a,158.5,369,250.5,423,4968,0.0148966,1.48966,3201,0.0095982,0.95982,0.644324,64.4324,205.5,397,128,147,194.918
ma_48384711-a,335.5,401,476.5,459,8178,0.0245217,2.45217,7279,0.0218261,2.18261,0.890071,89.0071,406.5,429,73,179,193.313
ma_48486405-a,227.5,305,436.5,392,18183,0.0545217,5.45217,15145,0.0454123,4.54123,0.832921,83.2921,327.5,347,6,97,97.1854
ma_51537628-a,488.5,208,554.5,249,2706,0.00811394,0.811394,2274,0.00681859,0.681859,0.840355,84.0355,520.5,228,187,22,188.29
ma_51856108-a,4.5,151,123.5,258,12733,0.0381799,3.81799,12445,0.0373163,3.73163,0.977382,97.7382,63.5,204,270,46,273.89
ma_55174490-a,458.5,241,528.5,337,6720,0.0201499,2.01499,4382,0.0131394,1.31394,0.652083,65.2083,494.5,292,161,42,166.388
ma_56835136-a,546.5,335,592.5,369,1564,0.00468966,0.468966,1297,0.00388906,0.388906,0.829284,82.9284,569.5,350,236,100,256.312
ma_57861456-a,296.5,49,330.5,187,4692,0.014069,1.4069,4142,0.0124198,1.24198,0.882779,88.2779,312.5,119,21,131,132.673
ma_61118260-a,534.5,213,596.5,252,2418,0.00725037,0.725037,1901,0.00570015,0.570015,0.786187,78.6187,564.5,231,231,19,231.78
ma_62096551-a,599.5,63,641.5,112,2058,0.00617091,0.617091,1634,0.00489955,0.489955,0.793975,79.3975,621.5,86,288,164,331.421
ma_62224663-a,376.5,193,587.5,231,8018,0.024042,2.4042,6413,0.0192294,1.92294,0.799825,79.9825,481.5,212,148,38,152.801
ma_67862299-a,53.5,218,132.5,240,1738,0.00521139,0.521139,1326,0.00397601,0.397601,0.762946,76.2946,90.5,227,243,23,244.086
ma_69128765-a,126.5,265,226.5,357,9200,0.0275862,2.75862,5503,0.0165007,1.65007,0.598152,59.8152,175,310,158.5,60,169.476
ma_70687495-a,374.5,257,433.5,335,4602,0.0137991,1.37991,3947,0.0118351,1.18351,0.857671,85.7671,404.5,295,71,45,84.0595
ma_72488522-a,328.5,244,413.5,305,5185,0.0155472,1.55472,4254,0.0127556,1.27556,0.820444,82.0444,369.5,275,36,25,43.8292
ma_73637203-a,157.5,21,225.5,97,5168,0.0154963,1.54963,4141,0.0124168,1.24168,0.801277,80.1277,190.5,59,143,191,238.6
ma_74173745-a,336.5,362,414.5,441,6162,0.0184768,1.84768,5120,0.0153523,1.53523,0.830899,83.0899,373.5,400,40,150,155.242
ma_75081153-a,168.5,317,273.5,429,11760,0.0352624,3.52624,9126,0.0273643,2.73643,0.77602,77.602,219.5,371,114,121,166.244
ma_75958241-a,363.5,337,426.5,403,4158,0.0124678,1.24678,3353,0.010054,1.0054,0.806397,80.6397,394.5,370,61,120,134.614
ma_77345858-a,286.5,337,357.5,387,3550,0.0106447,1.06447,2910,0.00872564,0.872564,0.819718,81.9718,324.5,363,9,113,113.358
ma_77574131-a,27.5,49,114.5,152,8961,0.0268696,2.68696,6635,0.0198951,1.98951,0.740431,74.0431,70.5,99,263,151,303.266
ma_77793328-a,484.5,250,600.5,329,9164,0.0274783,2.74783,6164,0.0184828,1.84828,0.672632,67.2632,541.5,285,208,35,210.924
ma_79191795-a,354.5,21,418.5,87,4224,0.0126657,1.26657,3470,0.0104048,1.04048,0.821496,82.1496,386.5,56,53,194,201.109
ma_79222679-a,478.5,81,574.5,249,16128,0.0483598,4.83598,11911,0.0357151,3.57151,0.738529,73.8529,527.5,166,194,84,211.405
ma_79241011-a,479.5,84,630.5,261,26727,0.0801409,8.01409,19038,0.0570855,5.70855,0.712313,71.2313,560.5,177,227,73,238.449
ma_79573638-a,257.5,60,354.5,209,14453,0.0433373,4.33373,13549,0.0406267,4.06267,0.937452,93.7452,306.5,134,27,116,119.101
ma_8197559-a,253.5,373,370.5,388,1755,0.00526237,0.526237,1503,0.00450675,0.450675,0.85641,85.641,308.5,380,25,130,132.382
ma_81993755-a,406.5,306,432.5,325,494,0.00148126,0.148126,355,0.00106447,0.106447,0.718623,71.8623,419.5,315,86,65,107.801
ma_83536470-a,187.5,193,216.5,212,551,0.00165217,0.165217,480,0.00143928,0.143928,0.871143,87.1143,202.5,202,131,48,139.517
ma_83691215-a,335.5,214,388.5,281,3551,0.0106477,1.06477,3332,0.009991,0.9991,0.938327,93.8327,360.5,247,27,3,27.1662
ma_83785171-a,324.5,254,418.5,355,9494,0.0284678,2.84678,6831,0.0204828,2.04828,0.719507,71.9507,374.5,306,41,56,69.4046
ma_85741618-a,143.5,122,296.5,191,10557,0.0316552,3.16552,8655,0.025952,2.5952,0.819835,81.9835,218.5,158,115,92,147.272
ma_86520382-a,624.5,286,632.5,353,536,0.0016072,0.16072,507,0.00152024,0.152024,0.945896,94.5896,628.5,317,295,67,302.513
ma_87983207-a,14.5,239,94.5,299,4800,0.0143928,1.43928,3628,0.0108786,1.08786,0.755833,75.5833,52.5,265,281,15,281.4
ma_88767165-a,404.5,385,463.5,433,2832,0.00849175,0.849175,2241,0.00671964,0.671964,0.791314,79.1314,434.5,407,101,157,186.682
ma_89354846-a,330.5,223,377.5,243,940,0.00281859,0.281859,814,0.00244078,0.244078,0.865957,86.5957,352.5,234,19,16,24.8395
ma_8974554-a,544.5,254,606.5,321,4154,0.0124558,1.24558,3212,0.00963118,0.963118,0.773231,77.3231,574.5,286,241,36,243.674
ma_90405028-a,303.5,321,361.5,379,3364,0.010087,1.0087,2461,0.00737931,0.737931,0.73157,73.157,331.5,350,2,100,100.02
ma_95091295-a,184.5,102,257.5,223,8833,0.0264858,2.64858,8406,0.0252054,2.52054,0.951659,95.1659,220.5,162,113,88,143.224
ma_97475929-a,347.5,375,411.5,425,3200,0.0095952,0.95952,2785,0.00835082,0.835082,0.870313,87.0312,378.5,398,45,148,154.69
ma_98156944-a,21.5,23,48.5,185,4374,0.0131154,1.31154,3346,0.010033,1.0033,0.764975,76.4975,32.5,109,301,141,332.388
ma_98265889-a,406.5,182,490.5,235,4452,0.0133493,1.33493,3230,0.00968516,0.968516,0.725517,72.5517,447.5,206,114,44,122.197
rensink_Amish-a,208,176.5,303,256.5,7600,0.0217578,2.17578,5423,0.0155253,1.55253,0.713553,71.3553,253,219.5,97,30,101.533
rensink_Army-a,544,177,703,265,13992,0.0399771,3.99771,10722,0.0306343,3.06343,0.766295,76.6295,628,218,278,32,279.836
rensink_BarnTrack-a,94.5,407,576.5,505,47236,0.135153,13.5153,28831,0.0824921,8.24921,0.610361,61.0361,283.5,469,66,219,228.729
rensink_Barns-a,135,303.5,220,432.5,10965,0.0313914,3.13914,8901,0.0254824,2.54824,0.811765,81.1765,177,372.5,173,123,212.269
rensink_Barrels-a,478,448,703,503,12375,0.0353571,3.53571,9209,0.0263114,2.63114,0.744162,74.4162,610,479,260,229,346.469
rensink_Beach-a,400,328.5,592,463.5,25920,0.0739093,7.39093,17854,0.0509096,5.09096,0.688812,68.8812,495,394.5,145,144,204.355
rensink_Birds-a,-0.5,-2.5,703.5,98.5,71104,0.20246,20.246,52348,0.149054,14.9054,0.736217,73.6217,331.5,39.5,19,211,211.854
rensink_Boat-a,-1,200.5,421,337.5,57814,0.164853,16.4853,49840,0.142116,14.2116,0.862075,86.2075,196,273.5,154,23,155.708
rensink_Bus-a,376,84,425,191,5243,0.01498,1.498,3790,0.0108286,1.08286,0.722869,72.2869,401,138,51,112,123.065
rensink_Cactus-a,27.5,168.5,189.5,289.5,19602,0.0559739,5.59739,14115,0.0403057,4.03057,0.72008,72.008,103.5,228.5,246,22,246.982
rensink_Camel-a,639.5,192,702.5,281,5607,0.0160429,1.60429,4998,0.0143004,1.43004,0.891386,89.1386,672.5,234,323,16,323.396
rensink_CanalBridge-a,346.5,310,702.5,497,66572,0.190478,19.0478,52438,0.150037,15.0037,0.787689,78.7689,541.5,394,192,144,240
rensink_Castle-a,259.5,360,561.5,438,23556,0.0675925,6.75925,13846,0.0397303,3.97303,0.587791,58.7791,414.5,403,66,153,166.628
rensink_Chopper-a,-1.5,413,702.5,505,64768,0.185316,18.5316,40727,0.116529,11.6529,0.628814,62.8814,336.5,462,13,212,212.398
rensink_Cockpit-a,271.5,69,568.5,225,46332,0.132188,13.2188,35802,0.102146,10.2146,0.772727,77.2727,421.5,141,71,109,130.085
rensink_Description-a,552,9,702,257,37200,0.10659,10.659,24386,0.0698739,6.98739,0.655538,65.5538,634,117,285,133,314.506
rensink_Dinner-a,262,211,396,382,22914,0.0654686,6.54686,19346,0.0552743,5.52743,0.844287,84.4287,332,290,18,40,43.8634
rensink_Diver-a,68,279.5,248,452.5,31140,0.0891497,8.91497,17605,0.0504008,5.04008,0.56535,56.535,154,364.5,196,115,227.247
rensink_Eating-a,-1,153,703,356,142912,0.40832,40.832,48226,0.137789,13.7789,0.337452,33.7452,350,212,0,38,38
rensink_Egypt-a,312.5,65,455.5,425,51480,0.147719,14.7719,39393,0.113036,11.3036,0.76521,76.521,382.5,240,34,10,35.4401
rensink_FarmByPond-a,-1.5,323.5,358.5,502.5,64440,0.184747,18.4747,55725,0.159762,15.9762,0.864758,86.4758,164.5,413.5,185,164,247.227
rensink_Farmer-a,247,145,362,257,12880,0.0368,3.68,8751,0.0250029,2.50029,0.679425,67.9425,296,196,54,54,76.3675
rensink_Fishing-a,87,248,419,418,56440,0.161257,16.1257,36891,0.105403,10.5403,0.653632,65.3632,232,343,118,93,150.243
rensink_Floatplane-a,77,241,488,385,59184,0.169097,16.9097,11329,0.0323686,3.23686,0.19142,19.142,273.5,326.25,76.5,76.25,108.011
rensink_Fountain-a,376,49,520,200,21744,0.0621257,6.21257,16415,0.0469,4.69,0.754921,75.4921,445,134,95,116,149.937
rensink_Harbor-a,320,265,534,362,20758,0.0594785,5.94785,10086,0.0288997,2.88997,0.485885,48.5885,416,320,67,70,96.8969
rensink_Horizon-a,202,41,455,97,14168,0.04048,4.048,12230,0.0349429,3.49429,0.863213,86.3213,328,69,22,181,182.332
rensink_Ice-a,1,223.5,153,273.5,7600,0.0216709,2.16709,5449,0.0155375,1.55375,0.716974,71.6974,79,248.5,271,2,271.007
rensink_Kayak-a,207,241,402,397,30420,0.0869143,8.69143,20746,0.0592743,5.92743,0.681986,68.1986,296,322,54,72,90
rensink_Kayaker-a,366.5,68,463.5,217,14453,0.0412354,4.12354,10059,0.028699,2.8699,0.69598,69.598,418.5,135,68,115,133.6
rensink_Kids-a,12.5,153,215.5,462,62727,0.179476,17.9476,42832,0.122552,12.2552,0.682832,68.2832,104.5,332,245,82,258.358
rensink_Lake-a,433.5,201,559.5,412,26586,0.0758516,7.58516,19929,0.0568588,5.68588,0.749605,74.9605,484.5,308,134,58,146.014
rensink_Market-a,19,261,89,457,13720,0.0392,3.92,10953,0.0312943,3.12943,0.798324,79.8324,55,355,295,105,313.129
rensink_Marling-a,199,377,331,502,16500,0.0471429,4.71429,13466,0.0384743,3.84743,0.816121,81.6121,265,443,85,193,210.889
rensink_Mosque-a,319.5,72.5,391.5,289.5,15624,0.0444873,4.44873,12875,0.0366599,3.66599,0.824053,82.4053,354.5,176.5,4,74,74.108
rensink_NotreDame-a,182.5,8.5,490.5,252.5,75152,0.215458,21.5458,64577,0.18514,18.514,0.859285,85.9285,332.5,131.5,17,118,119.218
rensink_Nurses-a,486.5,-1,702.5,393,85104,0.243502,24.3502,58420,0.167153,16.7153,0.686454,68.6454,618.5,158,269,92,284.297
rensink_Obelisk-a,519,194,684,313,19635,0.0561,5.61,16595,0.0474143,4.74143,0.845174,84.5174,602,253,252,3,252.018
rensink_OtherDiver-a,475,221.5,703,400.5,40812,0.116839,11.6839,34605,0.0990696,9.90696,0.847912,84.7912,595,311.5,245,62,252.723
rensink_Pilots-a,584,176,703,281,12495,0.0357,3.57,9678,0.0276514,2.76514,0.77455,77.455,650,230,300,20,300.666
rensink_Seal-a,288,200.5,463,281.5,14175,0.0404192,4.04192,10386,0.0296151,2.96151,0.732698,73.2698,376,240.5,26,10,27.8568
rensink_Soldiers-a,117,128,222,249,12705,0.0363,3.63,7819,0.02234,2.234,0.615427,61.5427,164,188,186,62,196.061
rensink_Station-a,536,201,656,257,6720,0.0192,1.92,5127,0.0146486,1.46486,0.762946,76.2946,593,225,243,25,244.283
rensink_SummerLake-a,439.5,287,634.5,358,13845,0.0396137,3.96137,9010,0.0257797,2.57797,0.650776,65.0776,540.5,319,191,69,203.081
rensink_Turtle-a,-0.5,-3,655.5,108,72816,0.207749,20.7749,49078,0.140023,14.0023,0.674,67.4,435.5,31.5,85,218.5,234.451
rensink_Water-a,208.5,325,702.5,502,87438,0.25018,25.018,80161,0.229359,22.9359,0.916775,91.6775,454.5,418,105,168,198.114
rensink_Window-a,-1,335.5,161,472.5,22194,0.0632849,6.32849,17022,0.0485372,4.85372,0.766964,76.6964,68,404.5,282,154,321.31
rensink_Wine-a,361,169,681,384,68800,0.196571,19.6571,53416,0.152617,15.2617,0.776395,77.6395,517,283,167,33,170.229
wolfe_001_L_mirror-a,276.5,156,303.5,203,1269,0.0038051,0.38051,1124,0.00337031,0.337031,0.885737,88.5737,289.5,181,44,69,81.8352
wolfe_001_R_mirror-a,363.5,157,390.5,203,1242,0.00372414,0.372414,1117,0.00334933,0.334933,0.899356,89.9356,376.5,181,43,69,81.3019
wolfe_002_L_napkin-a,233.5,394,296.5,427,2079,0.00623388,0.623388,1582,0.00474363,0.474363,0.760943,76.0943,265.5,410,68,160,173.851
wolfe_002_R_napkin-a,370.5,396,434.5,427,1984,0.00594903,0.594903,1551,0.00465067,0.465067,0.781754,78.1754,400.5,410,67,160,173.462
wolfe_003_L_ducks-a,218.5,322,275.5,340,1026,0.00307646,0.307646,228,0.000683658,0.0683658,0.222222,22.2222,244,330,89.5,80,120.043
wolfe_003_R_ducks-a,390.5,322,450.5,340,1080,0.00323838,0.323838,256,0.000767616,0.0767616,0.237037,23.7037,422.167,331.667,88.6667,81.6667,120.546
wolfe_004_L_electricalgrid-a,131.5,3,296.5,57,8910,0.0267166,2.67166,5573,0.0167106,1.67106,0.625477,62.5477,219.5,31,114,219,246.895
wolfe_004_R_electricalgrid-a,384.5,4,536.5,56,7904,0.0237001,2.37001,5194,0.0155742,1.55742,0.657136,65.7136,453.5,31,120,219,249.722
wolfe_005_L_mirror-a,118.5,185,194.5,265,6080,0.0182309,1.82309,4789,0.0143598,1.43598,0.787664,78.7664,151.5,228,182,22,183.325
wolfe_005_R_mirror-a,476.5,185,547.5,265,5680,0.0170315,1.70315,4726,0.0141709,1.41709,0.832042,83.2042,514.5,228,181,22,182.332
wolfe_006_L_vase-a,177.5,227,213.5,273,1656,0.00496552,0.496552,1245,0.00373313,0.373313,0.751812,75.1812,195.5,251,138,1,138.004
wolfe_006_R_vase-a,454.5,226,489.5,273,1645,0.00493253,0.493253,1240,0.00371814,0.371814,0.753799,75.3799,470.5,250,137,0,137
wolfe_007_L_soap-a,123.5,465,204.5,501,2916,0.00874363,0.874363,2136,0.0064048,0.64048,0.73251,73.251,164.5,485,169,235,289.458
wolfe_007_R_soap-a,462.5,464,544.5,501,3034,0.00909745,0.909745,2190,0.00656672,0.656672,0.721819,72.1819,502.5,485,169,235,289.458
wolfe_008_L_bottle-a,57.5,270,98.5,337,2747,0.00823688,0.823688,2094,0.00627886,0.627886,0.762286,76.2286,79.5,304,254,54,259.677
wolfe_008_R_bottle-a,568.5,269,610.5,337,2856,0.00856372,0.856372,2017,0.00604798,0.604798,0.706232,70.6232,587.5,304,254,54,259.677
wolfe_009_L_carpet-a,69.5,379,357.5,501,35136,0.105355,10.5355,15235,0.0456822,4.56822,0.433601,43.3601,189,452.5,144.5,202.5,248.77
wolfe_009_R_carpet-a,310.5,378,597.5,501,35301,0.10585,10.585,15439,0.0462939,4.62939,0.437353,43.7353,478,452,144.5,202,248.363
wolfe_010_L_candle-a,65.5,225,75.5,257,320,0.00095952,0.095952,242,0.000725637,0.0725637,0.75625,75.625,69.5,241,264,9,264.153
wolfe_010_R_candle-a,593.5,225,601.5,257,256,0.000767616,0.0767616,202,0.000605697,0.0605697,0.789062,78.9062,596.5,242,263,8,263.122
wolfe_011_L_parfum-a,255.5,305,291.5,359,1944,0.00582909,0.582909,1519,0.00455472,0.455472,0.781379,78.1379,272.5,334,61,84,103.812
wolfe_011_R_parfum-a,376.5,305,409.5,359,1782,0.00534333,0.534333,1481,0.00444078,0.444078,0.831089,83.1089,393.5,334,60,84,103.228
wolfe_012_L_tubaccesory-a,216.5,343,230.5,361,252,0.000755622,0.0755622,189,0.000566717,0.0566717,0.75,75,222.5,351,111,101,150.073
wolfe_012_R_tubaccesory-a,437.5,344,450.5,357,169,0.000506747,0.0506747,129,0.000386807,0.0386807,0.763314,76.3314,443.5,350,110,100,148.661
wolfe_013_L_lamp-a,138.5,87,157.5,189,1938,0.00581109,0.581109,1117,0.00334933,0.334933,0.576367,57.6367,146.5,151,187,99,211.589
wolfe_013_R_lamp-a,511.5,89,530.5,191,1938,0.00581109,0.581109,1174,0.00352024,0.352024,0.605779,60.5779,520.5,150,187,100,212.059
wolfe_014_L_lamp-a,95.5,93,212.5,153,7020,0.0210495,2.10495,4178,0.0125277,1.25277,0.595157,59.5157,159.5,121,174,129,216.603
wolfe_014_R_lamp-a,456.5,91,568.5,153,6944,0.0208216,2.08216,4032,0.01209,1.209,0.580645,58.0645,506.5,121,173,129,215.801
wolfe_015_L_ceilinglight-a,80.5,73,108.5,92,532,0.0015952,0.15952,384,0.00115142,0.115142,0.721805,72.1805,94.5,82,239,168,292.139
wolfe_015_R_ceilinglight-a,558.5,73,587.5,92,551,0.00165217,0.165217,380,0.00113943,0.113943,0.689655,68.9655,572.5,82,239,168,292.139
wolfe_016_L_art-a,28.5,161,71.5,218,2451,0.00734933,0.734933,1679,0.00503448,0.503448,0.685027,68.5027,49.5,193,284,57,289.664
wolfe_016_R_art-a,595.5,161,638.5,222,2623,0.00786507,0.786507,1859,0.00557421,0.557421,0.70873,70.873,616.5,196,283,54,288.106
wolfe_017_L_wood-a,5.5,308,55.5,328,1000,0.0029985,0.29985,799,0.0023958,0.23958,0.799,79.9,29.5,317,304,67,311.296
wolfe_017_R_wood-a,613.5,309,662.5,330,1029,0.00308546,0.308546,863,0.00258771,0.258771,0.838678,83.8678,638.5,319,305,69,312.708
wolfe_018_L_plant-a,18.5,137,151.5,337,26600,0.0797601,7.97601,18576,0.0557001,5.57001,0.698346,69.8346,84.5,229,249,21,249.884
wolfe_018_R_plant-a,516.5,140,648.5,335,25740,0.0771814,7.71814,18342,0.0549985,5.49985,0.712587,71.2587,581.5,229,248,21,248.888
wolfe_019_L_lamp_sized-a,174.5,125,206.5,164,1248,0.00374213,0.374213,1032,0.00309445,0.309445,0.826923,82.6923,189.5,145,144,105,178.216
wolfe_019_R_lamp_sized-a,458.5,123,494.5,163,1440,0.00431784,0.431784,1141,0.00342129,0.342129,0.792361,79.2361,476.5,144,143,106,178.003
wolfe_020_L_walldeco-a,-0.5,83,32.5,151,2244,0.00672864,0.672864,1835,0.00550225,0.550225,0.817736,81.7736,13.5,116,320,134,346.924
wolfe_020_R_walldeco-a,634.5,84,667.5,152,2244,0.00672864,0.672864,1789,0.00536432,0.536432,0.797237,79.7237,653.5,117,320,133,346.539
wolfe_021_L_keyboard-a,79.5,330,154.5,368,2850,0.00854573,0.854573,2195,0.00658171,0.658171,0.770175,77.0175,118.5,348,215,98,236.282
wolfe_021_R_keyboard-a,512.5,321,592.5,372,4080,0.0122339,1.22339,2588,0.00776012,0.776012,0.634314,63.4314,547.5,348,214,98,235.372
wolfe_022_L_lamp-a,197.5,1,262.5,117,7540,0.0226087,2.26087,5078,0.0152264,1.52264,0.673475,67.3475,231.5,59,102,191,216.529
wolfe_022_R_lamp-a,404.5,1,467.5,104,6489,0.0194573,1.94573,4690,0.014063,1.4063,0.722762,72.2762,435.5,57,102,193,218.296
wolfe_023_L_remote-a,182.5,437,270.5,497,5280,0.0158321,1.58321,3192,0.00957121,0.957121,0.604545,60.4545,224.5,468,109,218,243.731
wolfe_023_R_remote-a,398.5,440,486.5,497,5016,0.0150405,1.50405,3622,0.0108606,1.08606,0.722089,72.2089,443.5,466,110,216,242.396
wolfe_024_L_towels-a,253.5,398,302.5,444,2254,0.00675862,0.675862,1523,0.00456672,0.456672,0.675688,67.5688,271,412,62.5,162,173.638
wolfe_024_R_towels-a,365.5,398,414.5,445,2303,0.00690555,0.690555,1518,0.00455172,0.455172,0.65914,65.914,395,412,61.5,162,173.281
wolfe_025_L_vase-a,23.5,266,54.5,355,2759,0.00827286,0.827286,1970,0.00590705,0.590705,0.714027,71.4027,38.5,314,295,64,301.863
wolfe_025_R_vase-a,618.5,263,637.5,354,1729,0.00518441,0.518441,1414,0.00423988,0.423988,0.817814,81.7814,627.5,311,294,61,300.262
wolfe_026_L_rack-a,32.5,270,102.5,300,2100,0.00629685,0.629685,1333,0.003997,0.3997,0.634762,63.4762,61.5,281,272,31,273.761
wolfe_026_R_rack-a,564.5,270,635.5,301,2201,0.0065997,0.65997,1347,0.00403898,0.403898,0.611995,61.1995,605.5,281,272,31,273.761
wolfe_027_L_soapdish-a,27.5,266,50.5,283,391,0.00117241,0.117241,311,0.000932534,0.0932534,0.795396,79.5396,36.5,274,297,24,297.968
wolfe_027_R_soapdish-a,617.5,266,639.5,282,352,0.00105547,0.105547,304,0.000911544,0.0911544,0.863636,86.3636,629.5,274,296,24,296.971
wolfe_028_L_vase-a,172.5,275,211.5,316,1599,0.0047946,0.47946,1366,0.00409595,0.409595,0.854284,85.4284,191.5,296,142,46,149.265
wolfe_028_R_vase-a,456.5,282,496.5,315,1320,0.00395802,0.395802,1077,0.00322939,0.322939,0.815909,81.5909,477.5,299,144,49,152.109
wolfe_029_L_glass-a,169.5,250,192.5,289,897,0.00268966,0.268966,808,0.00242279,0.242279,0.90078,90.078,180.5,268,153,18,154.055
wolfe_029_R_glass-a,475.5,251,497.5,289,836,0.00250675,0.250675,776,0.00232684,0.232684,0.92823,92.823,485.5,269,152,19,153.183
wolfe_030_L_drawer-a,211.5,297,269.5,345,2784,0.00834783,0.834783,1748,0.00524138,0.524138,0.627874,62.7874,243.5,315,90,65,111.018
wolfe_030_R_drawer-a,398.5,298,456.5,344,2668,0.008,0.8,1698,0.00509145,0.509145,0.636432,63.6432,423.5,315,90,65,111.018
wolfe_031_L_log-a,126.5,1,211.5,81,6800,0.0203898,2.03898,3027,0.00907646,0.907646,0.445147,44.5147,168.5,39,165,211,267.854
wolfe_031_R_log-a,456.5,1,540.5,81,6720,0.0201499,2.01499,2973,0.00891454,0.891454,0.442411,44.2411,497.5,39,164,211,267.24
wolfe_032_L_bottle-a,242.5,129,257.5,161,480,0.00143928,0.143928,348,0.00104348,0.104348,0.725,72.5,248.5,146,85,104,134.317
wolfe_032_R_bottle-a,408.5,128,425.5,162,578,0.00173313,0.173313,407,0.00122039,0.122039,0.704152,70.4152,417.5,147,84,103,132.91
wolfe_033_L_vase-a,56.5,177,90.5,225,1632,0.00489355,0.489355,1349,0.00404498,0.404498,0.826593,82.6593,73.5,202,260,48,264.394
wolfe_033_R_vase-a,576.5,177,608.5,225,1536,0.0046057,0.46057,1309,0.00392504,0.392504,0.852214,85.2214,591.5,202,258,48,262.427
wolfe_034_L_handle-a,85.5,319,112.5,334,405,0.00121439,0.121439,312,0.000935532,0.0935532,0.77037,77.037,97.5,326,236,76,247.935
wolfe_034_R_handle-a,557.5,320,583.5,333,338,0.00101349,0.101349,271,0.000812594,0.0812594,0.801775,80.1775,569.5,326,236,76,247.935
wolfe_035_L_fruit-a,120.5,279,159.5,293,546,0.00163718,0.163718,412,0.00123538,0.123538,0.754579,75.4579,139.5,286,194,36,197.312
wolfe_035_R_fruit-a,507.5,279,546.5,293,546,0.00163718,0.163718,413,0.00123838,0.123838,0.75641,75.641,526.5,286,193,36,196.329
wolfe_036_L_bowl-a,296.5,197,322.5,217,520,0.00155922,0.155922,426,0.00127736,0.127736,0.819231,81.9231,308.5,205,25,45,51.4782
wolfe_036_R_bowl-a,343.5,196,371.5,216,560,0.00167916,0.167916,431,0.00129235,0.129235,0.769643,76.9643,357.5,205,24,45,51
wolfe_037_L_towel-a,317.5,221,331.5,231,140,0.00041979,0.041979,113,0.000338831,0.0338831,0.807143,80.7143,323.5,225,10,25,26.9258
wolfe_037_R_towel-a,336.5,220,350.5,231,154,0.000461769,0.0461769,121,0.000362819,0.0362819,0.785714,78.5714,342.5,225,9,25,26.5707
wolfe_038_L_art-a,287.5,93,318.5,241,4588,0.0137571,1.37571,4401,0.0131964,1.31964,0.959241,95.9241,302.5,168,31,82,87.6641
wolfe_038_R_art-a,349.5,93,379.5,241,4440,0.0133133,1.33133,4347,0.0130345,1.30345,0.979054,97.9054,363.5,167,30,83,88.2553
wolfe_039_L_ventilator-a,254.5,27,322.5,67,2720,0.00815592,0.815592,1587,0.00475862,0.475862,0.583456,58.3456,286.5,47,47,203,208.37
wolfe_039_R_ventilator-a,349.5,26,412.5,67,2583,0.00774513,0.774513,1562,0.00468366,0.468366,0.604723,60.4723,381.5,46,48,204,209.571
wolfe_040_L_painting-a,114.5,49,159.5,110,2745,0.00823088,0.823088,2571,0.00770915,0.770915,0.936612,93.6612,136.5,79,197,171,260.864
wolfe_040_R_painting-a,506.5,44,552.5,112,3128,0.00937931,0.937931,2675,0.00802099,0.802099,0.855179,85.5179,530.5,79,197,171,260.864
wolfe_041_L_fruit-a,26.5,323,92.5,353,1980,0.00593703,0.593703,1340,0.00401799,0.401799,0.676768,67.6768,54.5,339,279,89,292.851
wolfe_041_R_fruit-a,574.5,324,640.5,352,1848,0.00554123,0.554123,1320,0.00395802,0.395802,0.714286,71.4286,611.5,340,278,90,292.205
wolfe_042_L_tap-a,295.5,209,340.5,239,1350,0.00404798,0.404798,948,0.00284258,0.284258,0.702222,70.2222,316.5,222,17,28,32.7567
wolfe_042_R_tap-a,326.5,209,372.5,238,1334,0.004,0.4,929,0.00278561,0.278561,0.696402,69.6402,349.5,223,16,27,31.3847
wolfe_043_L_clock-a,199.5,197,224.5,225,700,0.00209895,0.209895,634,0.00190105,0.190105,0.905714,90.5714,211.5,212,122,38,127.781
wolfe_043_R_clock-a,440.5,193,467.5,227,918,0.00275262,0.275262,689,0.00206597,0.206597,0.750545,75.0545,454.5,211,121,39,127.13
wolfe_044_L_light-a,281.5,361,299.5,398,666,0.001997,0.1997,487,0.00146027,0.146027,0.731231,73.1231,289.5,379,44,129,136.297
wolfe_044_R_light-a,369.5,361,385.5,399,608,0.00182309,0.182309,462,0.00138531,0.138531,0.759868,75.9868,376.5,379,43,129,135.978
wolfe_045_L_musicdock-a,41.5,249,106.5,289,2600,0.0077961,0.77961,1894,0.00567916,0.567916,0.728462,72.8462,74.5,269,259,19,259.696
wolfe_045_R_musicdock-a,560.5,249,625.5,291,2730,0.00818591,0.818591,2001,0.006,0.6,0.732967,73.2967,591.5,269,258,19,258.699
wolfe_046_L_remote-a,288.5,314,302.5,327,182,0.000545727,0.0545727,144,0.000431784,0.0431784,0.791209,79.1209,295.5,320,38,70,79.6492
wolfe_046_R_remote-a,364.5,314,378.5,328,196,0.000587706,0.0587706,147,0.00044078,0.044078,0.75,75,371.5,320,38,70,79.6492
wolfe_047_L_handle-a,115.5,415,128.5,440,325,0.000974513,0.0974513,243,0.000728636,0.0728636,0.747692,74.7692,122.5,427,211,177,275.409
wolfe_047_R_handle-a,537.5,415,557.5,438,460,0.00137931,0.137931,334,0.0010015,0.10015,0.726087,72.6087,545.5,425,212,175,274.898
wolfe_048_L_art-a,17.5,150,52.5,287,4795,0.0143778,1.43778,3857,0.0115652,1.15652,0.80438,80.438,34.5,209,299,41,301.798
wolfe_048_R_art-a,612.5,147,650.5,289,5396,0.0161799,1.61799,4155,0.0124588,1.24588,0.770015,77.0015,630.5,209,297,41,299.817
wolfe_049_L_painting-a,118.5,105,168.5,155,2500,0.00749625,0.749625,2297,0.00688756,0.688756,0.9188,91.88,142.5,130,191,120,225.568
wolfe_049_R_painting-a,496.5,105,548.5,154,2548,0.00764018,0.764018,2332,0.0069925,0.69925,0.915228,91.5228,521.5,130,188,120,223.034
wolfe_050_L_book-a,90.5,33,123.5,81,1584,0.00474963,0.474963,1274,0.00382009,0.382009,0.804293,80.4293,106.5,57,227,193,297.956
wolfe_050_R_book-a,542.5,41,576.5,77,1224,0.00367016,0.367016,1082,0.00324438,0.324438,0.883987,88.3987,559.5,58,226,192,296.547
wolfe_051_L_owl-a,241.5,281,287.5,321,1840,0.00551724,0.551724,1256,0.00376612,0.376612,0.682609,68.2609,265.5,302,68,52,85.6037
wolfe_051_R_owl-a,381.5,281,430.5,321,1960,0.00587706,0.587706,1347,0.00403898,0.403898,0.687245,68.7245,402.5,302,69,52,86.4002
wolfe_052_L_speaker-a,119.5,321,225.5,355,3604,0.0108066,1.08066,3317,0.00994603,0.994603,0.920366,92.0366,170.5,336,163,86,184.296
wolfe_052_R_speaker-a,442.5,320,547.5,354,3570,0.0107046,1.07046,3247,0.00973613,0.973613,0.909524,90.9524,495.5,336,162,86,183.412
wolfe_053_L_handle-a,135.5,326,190.5,333,385,0.00115442,0.115442,308,0.000923538,0.0923538,0.8,80,161.5,329,172,79,189.275
wolfe_053_R_handle-a,476.5,326,532.5,333,392,0.00117541,0.117541,317,0.000950525,0.0950525,0.808673,80.8673,504.5,329,171,79,188.367
wolfe_054_L_firewood-a,-1.5,284,66.5,357,4964,0.0148846,1.48846,3648,0.0109385,1.09385,0.734891,73.4891,27.5,320,306,70,313.904
wolfe_054_R_firewood-a,602.5,285,668.5,361,5016,0.0150405,1.50405,3596,0.0107826,1.07826,0.716906,71.6906,639.5,321,306,71,314.129
wolfe_055_L_carpet-a,198.5,395,298.5,414,1900,0.00569715,0.569715,1466,0.0043958,0.43958,0.771579,77.1579,248.5,404,85,154,175.901
wolfe_055_R_carpet-a,369.5,396,469.5,414,1800,0.0053973,0.53973,1465,0.0043928,0.43928,0.813889,81.3889,417.5,404,84,154,175.419
wolfe_056_L_comforter-a,96.5,323,224.5,379,7168,0.0214933,2.14933,5169,0.0154993,1.54993,0.721122,72.1122,153.5,348,180,98,204.949
wolfe_056_R_comforter-a,443.5,327,569.5,382,6930,0.0207796,2.07796,5143,0.0154213,1.54213,0.742136,74.2136,512.5,350,179,100,205.039
wolfe_057_L_bin-a,256.5,333,270.5,353,280,0.00083958,0.083958,258,0.000773613,0.0773613,0.921429,92.1429,262.5,342,71,92,116.211
wolfe_057_R_bin-a,396.5,333,410.5,353,280,0.00083958,0.083958,261,0.000782609,0.0782609,0.932143,93.2143,403.5,342,70,92,115.603
wolfe_058_L_clutch-a,153.5,370,230.5,391,1617,0.00484858,0.484858,1360,0.00407796,0.407796,0.841064,84.1064,193.5,380,140,130,191.05
wolfe_058_R_clutch-a,436.5,370,512.5,391,1596,0.00478561,0.478561,1351,0.00405097,0.405097,0.846491,84.6491,472.5,380,139,130,190.318
wolfe_059_L_car-a,202.5,151,263.5,177,1586,0.00475562,0.475562,1272,0.00381409,0.381409,0.802018,80.2018,233.5,165,100,85,131.244
wolfe_059_R_car-a,404.5,150,466.5,177,1674,0.00501949,0.501949,1206,0.00361619,0.361619,0.72043,72.043,434.5,164,101,86,132.654
wolfe_060_L_pillow-a,255.5,273,290.5,302,1015,0.00304348,0.304348,840,0.00251874,0.251874,0.827586,82.7586,272.5,287,61,37,71.3442
wolfe_060_R_pillow-a,376.5,273,410.5,305,1088,0.00326237,0.326237,803,0.0024078,0.24078,0.738051,73.8051,393.5,288,60,38,71.0211
wolfe_061_L_glass-a,243.5,195,261.5,235,720,0.00215892,0.215892,524,0.00157121,0.157121,0.727778,72.7778,250.5,212,83,38,91.2853
wolfe_061_R_glass-a,406.5,194,424.5,235,738,0.00221289,0.221289,528,0.00158321,0.158321,0.715447,71.5447,415.5,211,82,39,90.802
wolfe_062_L_flowers-a,81.5,262,139.5,297,2030,0.00608696,0.608696,1325,0.00397301,0.397301,0.652709,65.2709,109.5,279,224,29,225.869
wolfe_062_R_flowers-a,526.5,262,584.5,296,1972,0.00591304,0.591304,1321,0.00396102,0.396102,0.669878,66.9878,555.5,278,222,28,223.759
wolfe_063_L_laptop-a,42.5,276,64.5,289,286,0.000857571,0.0857571,199,0.000596702,0.0596702,0.695804,69.5804,53.5,281,280,31,281.711
wolfe_063_R_laptop-a,603.5,277,625.5,289,264,0.000791604,0.0791604,203,0.000608696,0.0608696,0.768939,76.8939,612.5,281,279,31,280.717
wolfe_064_L_bottles-a,103.5,197,131.5,241,1232,0.00369415,0.369415,891,0.00267166,0.267166,0.723214,72.3214,115.5,220,218,30,220.055
wolfe_064_R_bottles-a,535.5,197,563.5,240,1204,0.00361019,0.361019,935,0.0028036,0.28036,0.776578,77.6578,550.5,220,217,30,219.064
wolfe_065_L_cd-a,169.5,182,192.5,204,506,0.00151724,0.151724,501,0.00150225,0.150225,0.990119,99.0119,180.5,193,153,57,163.273
wolfe_065_R_cd-a,474.5,178,499.5,205,675,0.00202399,0.202399,571,0.00171214,0.171214,0.845926,84.5926,485.5,192,152,58,162.69
wolfe_066_L_vase-a,62.5,125,94.5,201,2432,0.00729235,0.729235,1582,0.00474363,0.474363,0.650493,65.0493,75.5,168,258,82,270.718
wolfe_066_R_vase-a,576.5,124,601.5,199,1875,0.00562219,0.562219,1300,0.00389805,0.389805,0.693333,69.3333,590.5,166,257,84,270.379
wolfe_067_L_painting-a,20.5,310,52.5,349,1248,0.00374213,0.374213,1141,0.00342129,0.342129,0.914263,91.4263,36.5,329,297,79,307.327
wolfe_067_R_painting-a,614.5,310,655.5,348,1558,0.00467166,0.467166,1316,0.00394603,0.394603,0.844673,84.4673,633.5,329,300,79,310.227
wolfe_068_L_faucet-a,281.5,297,301.5,321,480,0.00143928,0.143928,315,0.000944528,0.0944528,0.65625,65.625,290.5,307,43,57,71.4003
wolfe_068_R_faucet-a,365.5,297,386.5,318,441,0.00132234,0.132234,336,0.0010075,0.10075,0.761905,76.1905,375.5,306,42,56,70
wolfe_069_L_things-a,24.5,103,88.5,137,2176,0.00652474,0.652474,1565,0.00469265,0.469265,0.71921,71.921,56.5,120,277,130,305.989
wolfe_069_R_things-a,578.5,103,641.5,137,2142,0.00642279,0.642279,1588,0.00476162,0.476162,0.741363,74.1363,610.5,120,277,130,305.989
wolfe_070_L_lamp-a,40.5,113,99.5,193,4720,0.0141529,1.41529,3828,0.0114783,1.14783,0.811017,81.1017,67.5,149,266,101,284.529
wolfe_070_R_lamp-a,566.5,113,627.5,193,4880,0.0146327,1.46327,4316,0.0129415,1.29415,0.884426,88.4426,597.5,150,264,100,282.305
wolfe_071_L_art-a,145.5,242,181.5,291,1764,0.00528936,0.528936,1275,0.00382309,0.382309,0.722789,72.2789,163.5,266,170,16,170.751
wolfe_071_R_art-a,486.5,242,522.5,290,1728,0.00518141,0.518141,1267,0.0037991,0.37991,0.733218,73.3218,503.5,266,170,16,170.751
wolfe_072_L_handle-a,78.5,430,110.5,452,704,0.00211094,0.211094,479,0.00143628,0.143628,0.680398,68.0398,95.5,441,238,191,305.164
wolfe_072_R_handle-a,557.5,430,588.5,452,682,0.00204498,0.204498,479,0.00143628,0.143628,0.702346,70.2346,571.5,442,238,192,305.791
wolfe_073_L_coffeemug-a,31.5,214,51.5,238,480,0.00143928,0.143928,391,0.00117241,0.117241,0.814583,81.4583,41.5,226,292,24,292.985
wolfe_073_R_coffeemug-a,615.5,214,633.5,238,432,0.00129535,0.129535,355,0.00106447,0.106447,0.821759,82.1759,624.5,226,291,24,291.988
wolfe_074_L_book-a,217.5,313,280.5,344,1953,0.00585607,0.585607,1482,0.00444378,0.444378,0.758833,75.8833,251.5,328,82,78,113.172
wolfe_074_R_book-a,388.5,312,449.5,345,2013,0.00603598,0.603598,1515,0.00454273,0.454273,0.752608,75.2608,415.5,327,82,77,112.486
wolfe_075_L_light-a,118.5,42,163.5,63,945,0.00283358,0.283358,680,0.00203898,0.203898,0.719577,71.9577,139.5,52,194,198,277.2
wolfe_075_R_light-a,506.5,42,547.5,62,820,0.00245877,0.245877,652,0.00195502,0.195502,0.795122,79.5122,526.5,51,193,199,277.218
wolfe_076_L_hook-a,27.5,177,54.5,249,1944,0.00582909,0.582909,1455,0.00436282,0.436282,0.748457,74.8457,39.5,211,294,39,296.575
wolfe_076_R_hook-a,612.5,177,640.5,244,1876,0.00562519,0.562519,1419,0.00425487,0.425487,0.756397,75.6397,626.5,211,293,39,295.584
wolfe_077_L_footrest-a,310.5,354,352.5,369,630,0.00188906,0.188906,272,0.000815592,0.0815592,0.431746,43.1746,331.5,360.5,2,110.5,110.518
wolfe_077_R_footrest-a,314.5,353,356.5,366,546,0.00163718,0.163718,256,0.000767616,0.0767616,0.468864,46.8864,333.5,358.333,0,108.333,108.333
wolfe_078_L_faucet-a,252.5,347,284.5,401,1728,0.00518141,0.518141,1377,0.00412894,0.412894,0.796875,79.6875,267.5,372,66,122,138.708
wolfe_078_R_faucet-a,382.5,346,413.5,401,1705,0.00511244,0.511244,1415,0.00424288,0.424288,0.829912,82.9912,397.5,372,64,122,137.768
wolfe_079_L_bowl-a,246.5,101,284.5,116,570,0.00170915,0.170915,508,0.00152324,0.152324,0.891228,89.1228,263.5,108,70,142,158.316
wolfe_079_R_bowl-a,382.5,100,421.5,118,702,0.00210495,0.210495,546,0.00163718,0.163718,0.777778,77.7778,401.5,108,68,142,157.442
wolfe_080_L_plant-a,290.5,198,336.5,261,2898,0.00868966,0.868966,2241,0.00671964,0.671964,0.773292,77.3292,312.5,228,21,22,30.4138
wolfe_080_R_plant-a,333.5,198,375.5,260,2604,0.0078081,0.78081,2080,0.00623688,0.623688,0.798771,79.8771,354.5,228,21,22,30.4138
wolfe_081_L_football-a,294.5,337,313.5,370,627,0.00188006,0.188006,416,0.00124738,0.124738,0.663477,66.3477,304.5,355,29,105,108.931
wolfe_081_R_football-a,352.5,345,374.5,372,594,0.00178111,0.178111,451,0.00135232,0.135232,0.759259,75.9259,362.5,359,29,109,112.792
wolfe_082_L_bowl-a,1.5,402,114.5,470,7684,0.0230405,2.30405,3675,0.0110195,1.10195,0.478267,47.8267,68.5,432.5,265,182.5,321.763
wolfe_082_R_bowl-a,555.5,403,665.5,471,7480,0.0224288,2.24288,3780,0.0113343,1.13343,0.505348,50.5348,598.5,433,265,183,322.047
wolfe_083_L_knob-a,67.5,371,98.5,390,589,0.00176612,0.176612,383,0.00114843,0.114843,0.650255,65.0255,80.5,382,253,132,285.365
wolfe_083_R_knob-a,576.5,371,597.5,390,399,0.0011964,0.11964,313,0.000938531,0.0938531,0.784461,78.4461,586.5,380,253,130,284.445
wolfe_084_L_light-a,128.5,129,154.5,177,1248,0.00374213,0.374213,1125,0.00337331,0.337331,0.901442,90.1442,140.5,153,193,97,216.005
wolfe_084_R_light-a,512.5,129,539.5,177,1296,0.00388606,0.388606,1159,0.00347526,0.347526,0.89429,89.429,525.5,153,192,97,215.112
wolfe_085_L_switchboard-a,184.5,290,199.5,314,360,0.00107946,0.107946,325,0.000974513,0.0974513,0.902778,90.2778,192.5,302,141,52,150.283
wolfe_085_R_switchboard-a,467.5,289,482.5,315,390,0.00116942,0.116942,348,0.00104348,0.104348,0.892308,89.2308,474.5,302,141,52,150.283
wolfe_086_L_book-a,226.5,297,274.5,321,1152,0.00345427,0.345427,875,0.00262369,0.262369,0.759549,75.9549,249.5,309,84,59,102.65
wolfe_086_R_book-a,399.5,294,434.5,320,910,0.00272864,0.272864,715,0.00214393,0.214393,0.785714,78.5714,415.5,307,82,57,99.8649
wolfe_087_L_towelhandle-a,33.5,321,77.5,381,2640,0.00791604,0.791604,1941,0.00582009,0.582009,0.735227,73.5227,54.5,352,279,102,297.061
wolfe_087_R_towelhandle-a,589.5,323,632.5,382,2537,0.0076072,0.76072,1946,0.00583508,0.583508,0.767048,76.7048,611.5,352,278,102,296.122
wolfe_088_L_clock-a,248.5,64,265.5,89,425,0.00127436,0.127436,350,0.00104948,0.104948,0.823529,82.3529,255.5,76,78,174,190.683
wolfe_088_R_clock-a,403.5,64,419.5,88,384,0.00115142,0.115142,323,0.000968516,0.0968516,0.841146,84.1146,410.5,75,77,175,191.191
wolfe_089_L_poster-a,287.5,78,310.5,161,1909,0.00572414,0.572414,1676,0.00502549,0.502549,0.877947,87.7947,298.5,122,35,128,132.699
wolfe_089_R_poster-a,356.5,78,380.5,161,1992,0.00597301,0.597301,1723,0.00516642,0.516642,0.86496,86.496,368.5,121,35,129,133.664
wolfe_090_L_lamp-a,217.5,285,235.5,325,720,0.00215892,0.215892,543,0.00162819,0.162819,0.754167,75.4167,226.5,303,107,53,119.407
wolfe_090_R_lamp-a,431.5,281,449.5,327,828,0.00248276,0.248276,710,0.00212894,0.212894,0.857488,85.7488,439.5,303,106,53,118.512
wolfe_091_L_airfreshener-a,163.5,176,176.5,200,312,0.000935532,0.0935532,235,0.000704648,0.0704648,0.753205,75.3205,169.5,188,164,62,175.328
wolfe_091_R_airfreshener-a,492.5,177,502.5,198,210,0.000629685,0.0629685,207,0.00062069,0.062069,0.985714,98.5714,496.5,187,163,63,174.751
wolfe_092_L_candles-a,1.5,438,29.5,471,924,0.00277061,0.277061,742,0.00222489,0.222489,0.80303,80.303,15.5,454,318,204,377.809
wolfe_092_R_candles-a,638.5,439,665.5,470,837,0.00250975,0.250975,733,0.0021979,0.21979,0.875747,87.5747,651.5,454,318,204,377.809
wolfe_093_L_switch-a,116.5,350,137.5,372,462,0.00138531,0.138531,391,0.00117241,0.117241,0.84632,84.632,126.5,360,207,110,234.412
wolfe_093_R_switch-a,527.5,350,552.5,372,550,0.00164918,0.164918,427,0.00128036,0.128036,0.776364,77.6364,539.5,361,206,111,234.002
wolfe_094_L_ball-a,288.5,63,297.5,72,81,0.000242879,0.0242879,69,0.000206897,0.0206897,0.851852,85.1852,292.5,67,41,183,187.537
wolfe_094_R_ball-a,369.5,61,379.5,72,110,0.000329835,0.0329835,76,0.000227886,0.0227886,0.690909,69.0909,374.5,67,41,183,187.537
wolfe_095_L_candle-a,190.5,275,213.5,301,598,0.0017931,0.17931,421,0.00126237,0.126237,0.704013,70.4013,202.5,287,131,37,136.125
wolfe_095_R_candle-a,454.5,273,477.5,297,552,0.00165517,0.165517,425,0.00127436,0.127436,0.769928,76.9928,464.5,284,131,34,135.34
wolfe_096_L_painting-a,48.5,212,81.5,238,858,0.00257271,0.257271,669,0.002006,0.2006,0.77972,77.972,64.5,225,269,25,270.159
wolfe_096_R_painting-a,585.5,212,617.5,236,768,0.00230285,0.230285,650,0.00194903,0.194903,0.846354,84.6354,601.5,224,268,26,269.258
wolfe_097_L_light-a,304.5,149,339.5,193,1540,0.00461769,0.461769,1230,0.00368816,0.368816,0.798701,79.8701,321.5,171,12,79,79.9062
wolfe_097_R_light-a,329.5,149,363.5,193,1496,0.00448576,0.448576,1263,0.00378711,0.378711,0.844251,84.4251,345.5,170,12,80,80.895
wolfe_098_L_slippers-a,245.5,365,281.5,382,612,0.00183508,0.183508,549,0.00164618,0.164618,0.897059,89.7059,262.5,373,71,123,142.021
wolfe_098_R_slippers-a,385.5,366,422.5,382,592,0.00177511,0.177511,533,0.0015982,0.15982,0.900338,90.0338,403.5,374,70,124,142.394
wolfe_099_L_sconce-a,172.5,121,234.5,218,6014,0.018033,1.8033,4385,0.0131484,1.31484,0.729132,72.9132,200.5,167,133,83,156.774
wolfe_099_R_sconce-a,433.5,122,492.5,218,5664,0.0169835,1.69835,4196,0.0125817,1.25817,0.740819,74.0819,465.5,167,132,83,155.926
wolfe_100_L_mirror-a,270.5,260,361.5,320,5460,0.0163718,1.63718,4496,0.0134813,1.34813,0.823443,82.3443,316.5,290,17,40,43.4626
wolfe_100_R_mirror-a,305.5,259,399.5,320,5734,0.0171934,1.71934,4562,0.0136792,1.36792,0.795605,79.5605,349.5,290,16,40,43.0813
wolfe_101_L_cup-a,301.5,129,328.5,161,864,0.0025907,0.25907,819,0.00245577,0.245577,0.947917,94.7917,315.5,145,18,105,106.532
wolfe_101_R_cup-a,334.5,129,370.5,161,1152,0.00345427,0.345427,974,0.00292054,0.292054,0.845486,84.5486,351.5,144,18,106,107.517
wolfe_102_L_shoppingbag-a,159.5,323,216.5,387,3648,0.0109385,1.09385,3074,0.00921739,0.921739,0.842654,84.2654,187.5,354,146,104,179.254
wolfe_102_R_shoppingbag-a,452.5,321,511.5,387,3894,0.0116762,1.16762,3234,0.00969715,0.969715,0.830508,83.0508,480.5,354,147,104,180.069
wolfe_103_L_hook-a,9.5,87,29.5,116,580,0.00173913,0.173913,396,0.00118741,0.118741,0.682759,68.2759,20.5,103,313,147,345.801
wolfe_103_R_hook-a,639.5,87,658.5,116,551,0.00165217,0.165217,382,0.00114543,0.114543,0.693285,69.3285,647.5,103,314,147,346.706
wolfe_104_L_bottle-a,306.5,256,345.5,302,1794,0.00537931,0.537931,1414,0.00423988,0.423988,0.788183,78.8183,325.5,280,8,30,31.0483
wolfe_104_R_bottle-a,326.5,256,360.5,305,1666,0.0049955,0.49955,1297,0.00388906,0.388906,0.778511,77.8511,342.5,281,9,31,32.28
wolfe_105_L_hat-a,93.5,408,155.5,465,3534,0.0105967,1.05967,2616,0.00784408,0.784408,0.740238,74.0238,121.5,435,212,185,281.37
wolfe_105_R_hat-a,511.5,401,576.5,458,3705,0.0111094,1.11094,2697,0.00808696,0.808696,0.727935,72.7935,546.5,431,213,181,279.517
wolfe_106_L_toweldispenser-a,240.5,123,267.5,163,1080,0.00323838,0.323838,967,0.00289955,0.289955,0.89537,89.537,253.5,142,80,108,134.402
wolfe_106_R_toweldispenser-a,400.5,123,426.5,164,1066,0.0031964,0.31964,961,0.00288156,0.288156,0.901501,90.1501,412.5,143,79,107,133.004
wolfe_107_L_shirts-a,129.5,209,152.5,296,2001,0.006,0.6,1522,0.00456372,0.456372,0.76062,76.062,139.5,249,194,1,194.003
wolfe_107_R_shirts-a,511.5,209,538.5,294,2295,0.00688156,0.688156,1690,0.00506747,0.506747,0.736383,73.6383,526.5,248,193,2,193.01
wolfe_108_L_boa-a,311.5,203,332.5,225,462,0.00138531,0.138531,359,0.00107646,0.107646,0.777056,77.7056,321.5,213,12,37,38.8973
wolfe_108_R_boa-a,334.5,203,356.5,225,484,0.00145127,0.145127,374,0.00112144,0.112144,0.772727,77.2727,345.5,214,12,36,37.9473
wolfe_109_L_pillow-a,247.5,275,283.5,305,1080,0.00323838,0.323838,764,0.00229085,0.229085,0.707407,70.7407,265.5,290,68,40,78.8923
wolfe_109_R_pillow-a,385.5,275,419.5,303,952,0.00285457,0.285457,720,0.00215892,0.215892,0.756303,75.6303,400.5,290,67,40,78.032
wolfe_110_L_plant-a,165.5,334,215.5,385,2550,0.00764618,0.764618,2097,0.00628786,0.628786,0.822353,82.2353,191.5,360,142,110,179.622
wolfe_110_R_plant-a,451.5,334,501.5,385,2550,0.00764618,0.764618,2100,0.00629685,0.629685,0.823529,82.3529,474.5,360,141,110,178.832
wolfe_111_L_pot-a,183.5,358,219.5,401,1548,0.00464168,0.464168,1155,0.00346327,0.346327,0.746124,74.6124,199.5,380,134,130,186.698
wolfe_111_R_pot-a,452.5,360,485.5,400,1320,0.00395802,0.395802,992,0.00297451,0.297451,0.751515,75.1515,468.5,379,135,129,186.724
wolfe_112_L_basket-a,39.5,383,80.5,423,1640,0.00491754,0.491754,1406,0.00421589,0.421589,0.857317,85.7317,58.5,402,275,152,314.212
wolfe_112_R_basket-a,585.5,383,627.5,421,1596,0.00478561,0.478561,1395,0.00418291,0.418291,0.87406,87.406,607.5,401,274,151,312.853
wolfe_113_L_plant-a,293.5,248,319.5,291,1118,0.00335232,0.335232,865,0.0025937,0.25937,0.773703,77.3703,306.5,267,27,17,31.9061
wolfe_113_R_plant-a,346.5,247,374.5,291,1232,0.00369415,0.369415,864,0.0025907,0.25907,0.701299,70.1299,359.5,268,26,18,31.6228
wolfe_114_L_bird-a,284.5,337,307.5,373,828,0.00248276,0.248276,465,0.0013943,0.13943,0.561594,56.1594,295.5,356,38,106,112.606
wolfe_114_R_bird-a,360.5,338,382.5,372,748,0.00224288,0.224288,463,0.00138831,0.138831,0.618984,61.8984,371.5,356,38,106,112.606
wolfe_115_L_pot-a,107.5,209,138.5,249,1240,0.00371814,0.371814,929,0.00278561,0.278561,0.749194,74.9194,122.5,229,211,21,212.042
wolfe_115_R_pot-a,527.5,209,560.5,249,1320,0.00395802,0.395802,967,0.00289955,0.289955,0.732576,73.2576,543.5,229,210,21,211.047
wolfe_116_L_basket-a,99.5,407,146.5,475,3196,0.00958321,0.958321,2350,0.00704648,0.704648,0.735294,73.5294,123.5,441,210,191,283.868
wolfe_116_R_basket-a,517.5,407,569.5,473,3432,0.0102909,1.02909,2434,0.00729835,0.729835,0.709207,70.9207,541.5,439,208,189,281.043
wolfe_117_L_plant_sized-a,41.5,284,120.5,369,6715,0.0201349,2.01349,4918,0.0147466,1.47466,0.73239,73.239,76.5,323,257,73,267.167
wolfe_117_R_plant_sized-a,540.5,273,627.5,369,8352,0.0250435,2.50435,6096,0.0182789,1.82789,0.729885,72.9885,588.5,320,255,70,264.433
wolfe_118_L_shoes-a,252.5,340,295.5,368,1204,0.00361019,0.361019,823,0.00246777,0.246777,0.683555,68.3555,273.5,355,60,105,120.934
wolfe_118_R_shoes-a,371.5,339,415.5,369,1320,0.00395802,0.395802,936,0.0028066,0.28066,0.709091,70.9091,393.5,354,60,104,120.067
wolfe_119_L_painting-a,244.5,227,266.5,269,924,0.00277061,0.277061,894,0.00268066,0.268066,0.967532,96.7532,255.5,247,78,3,78.0577
wolfe_119_R_painting-a,399.5,226,424.5,269,1075,0.00322339,0.322339,975,0.00292354,0.292354,0.906977,90.6977,411.5,247,78,3,78.0577
wolfe_120_L_art-a,200.5,143,238.5,160,646,0.00193703,0.193703,489,0.00146627,0.146627,0.756966,75.6966,218.5,151,115,99,151.743
wolfe_120_R_art-a,426.5,141,463.5,161,740,0.00221889,0.221889,494,0.00148126,0.148126,0.667568,66.7568,445.5,151,112,99,149.482
wolfe_121_L_car-a,27.5,337,64.5,362,925,0.00277361,0.277361,608,0.00182309,0.182309,0.657297,65.7297,45.5,349,288,99,304.541
wolfe_121_R_car-a,603.5,337,640.5,358,777,0.00232984,0.232984,575,0.00172414,0.172414,0.740026,74.0026,619.5,349,286,99,302.65
wolfe_122_L_chair-a,247.5,141,288.5,179,1558,0.00467166,0.467166,918,0.00275262,0.275262,0.589217,58.9217,266.5,159,67,91,113.004
wolfe_122_R_chair-a,382.5,143,418.5,183,1440,0.00431784,0.431784,1030,0.00308846,0.308846,0.715278,71.5278,402.5,162,69,88,111.826
wolfe_123_L_pot-a,-0.5,361,42.5,399,1634,0.00489955,0.489955,1291,0.00387106,0.387106,0.790086,79.0086,20.5,379,313,129,338.541
wolfe_123_R_pot-a,624.5,361,670.5,398,1702,0.00510345,0.510345,1354,0.00405997,0.405997,0.795535,79.5535,647.5,378,314,128,339.087
wolfe_124_L_vase-a,157.5,333,194.5,397,2368,0.00710045,0.710045,1749,0.00524438,0.524438,0.738598,73.8598,175.5,367,158,117,196.604
wolfe_124_R_vase-a,472.5,334,512.5,397,2520,0.00755622,0.755622,1763,0.00528636,0.528636,0.699603,69.9603,491.5,368,158,118,197.2
wolfe_125_L_sofa-a,71.5,323,113.5,362,1638,0.00491154,0.491154,1285,0.00385307,0.385307,0.784493,78.4493,92.5,344,241,94,258.683
wolfe_125_R_sofa-a,552.5,330,600.5,361,1488,0.00446177,0.446177,1206,0.00361619,0.361619,0.810484,81.0484,575.5,347,242,97,260.716
wolfe_126_L_candles-a,4.5,260,43.5,304,1716,0.00514543,0.514543,1241,0.00372114,0.372114,0.723193,72.3193,23.5,283,310,33,311.752
wolfe_126_R_candles-a,623.5,256,661.5,305,1862,0.00558321,0.558321,1231,0.00369115,0.369115,0.661117,66.1117,643.5,282,310,32,311.647
wolfe_127_L_light-a,192.5,185,225.5,223,1254,0.00376012,0.376012,971,0.00291154,0.291154,0.774322,77.4322,206.5,203,127,47,135.418
wolfe_127_R_light-a,446.5,186,476.5,224,1140,0.00341829,0.341829,916,0.00274663,0.274663,0.803509,80.3509,460.5,205,127,45,134.737
wolfe_128_L_pot-a,141.5,178,194.5,280,5406,0.0162099,1.62099,3220,0.00965517,0.965517,0.595634,59.5634,166.5,227,167,23,168.576
wolfe_128_R_pot-a,473.5,178,526.5,281,5459,0.0163688,1.63688,3292,0.00987106,0.987106,0.603041,60.3041,500.5,227,167,23,168.576
wolfe_image-001-a,122.5,335,164.5,365,1260,0.00377811,0.377811,899,0.00269565,0.269565,0.713492,71.3492,142.5,350,191,100,215.595
wolfe_image-002-a,271.5,192,308.5,257,2405,0.00721139,0.721139,1880,0.00563718,0.563718,0.781705,78.1705,289.5,225,44,25,50.6063
wolfe_image-003-a,-0.5,0,142.5,93,13299,0.0398771,3.98771,11671,0.0349955,3.49955,0.877585,87.7585,66.5,42,267,208,338.457
wolfe_image-004-a,102.5,393,242.5,439,6440,0.0193103,1.93103,4455,0.0133583,1.33583,0.69177,69.177,171.5,414,162,164,230.521
wolfe_image-005-a,254.5,254,398.5,314,8640,0.025907,2.5907,5673,0.0170105,1.70105,0.656597,65.6597,330.5,281.5,3,31.5,31.6425
wolfe_image-006-a,575.5,143,618.5,173,1290,0.00386807,0.386807,1047,0.00313943,0.313943,0.811628,81.1628,598.5,157,265,93,280.845
wolfe_image-007-a,119.5,210,289.5,265,9350,0.028036,2.8036,4518,0.0135472,1.35472,0.483209,48.3209,236.833,226,96.6667,24,99.6014
wolfe_image-008-a,513.5,81,569.5,150,3864,0.0115862,1.15862,2750,0.00824588,0.824588,0.711698,71.1698,543.5,116,210,134,249.11
wolfe_image-009-a,335.5,202,376.5,241,1599,0.0047946,0.47946,1214,0.00364018,0.364018,0.759225,75.9225,354.5,223,21,27,34.2053
wolfe_image-010-a,40.5,137,97.5,185,2736,0.0082039,0.82039,1722,0.00516342,0.516342,0.629386,62.9386,71.5,158,262,92,277.683
wolfe_image-011-a,426.5,231,466.5,269,1520,0.00455772,0.455772,1289,0.00386507,0.386507,0.848026,84.8026,446.5,249,113,1,113.004
wolfe_image-012-a,489.5,413,574.5,449,3060,0.00917541,0.917541,2178,0.00653073,0.653073,0.711765,71.1765,532.5,432,199,182,269.676
wolfe_image-013-a,68.5,39,86.5,71,576,0.00172714,0.172714,509,0.00152624,0.152624,0.883681,88.3681,77.5,54,256,196,322.416
wolfe_image-014-a,33.5,430,85.5,447,884,0.00265067,0.265067,668,0.002003,0.2003,0.755656,75.5656,56.5,437,277,187,334.213
wolfe_image-015-a,104.5,249,164.5,303,3240,0.00971514,0.971514,2239,0.00671364,0.671364,0.691049,69.1049,138.5,277,195,27,196.86
wolfe_image-016-a,398.5,318,422.5,327,216,0.000647676,0.0647676,157,0.000470765,0.0470765,0.726852,72.6852,409.5,322,76,72,104.69
wolfe_image-017-a,134.5,313,147.5,328,195,0.000584708,0.0584708,161,0.000482759,0.0482759,0.825641,82.5641,140.5,320,193,70,205.302
wolfe_image-018-a,451.5,217,528.5,309,7084,0.0187656,1.87656,6079,0.0161033,1.61033,0.858131,85.8131,488.5,267,111,17,112.294
wolfe_image-019-a,16.5,126,104.5,229,9064,0.0271784,2.71784,6864,0.0205817,2.05817,0.757282,75.7282,61.5,177,272,73,281.626
wolfe_image-020-a,296.5,321,336.5,362,1640,0.00491754,0.491754,1333,0.003997,0.3997,0.812805,81.2805,315.5,340,18,90,91.7824
wolfe_image-021-a,352.5,200,386.5,321,4114,0.0123358,1.23358,3048,0.00913943,0.913943,0.740885,74.0885,371.5,264,38,14,40.4969
wolfe_image-022-a,182.5,273,230.5,289,768,0.00230285,0.230285,581,0.00174213,0.174213,0.75651,75.651,206.5,281,127,31,130.729
wolfe_image-023-a,56.5,367,130.5,433,4884,0.0146447,1.46447,3465,0.0103898,1.03898,0.709459,70.9459,94.5,401,239,151,282.705
wolfe_image-024-a,346.5,418,374.5,462,1232,0.00369415,0.369415,753,0.00225787,0.225787,0.611201,61.1201,361,438.5,27.5,188.5,190.495
wolfe_image-025-a,377.5,115,519.5,193,11076,0.0332114,3.32114,8408,0.0252114,2.52114,0.759119,75.9119,451.5,157,118,93,150.243
wolfe_image-026-a,147.5,292,175.5,313,588,0.00176312,0.176312,478,0.00143328,0.143328,0.812925,81.2925,161.5,301,172,51,179.402
wolfe_image-027-a,308.5,369,342.5,381,408,0.00122339,0.122339,289,0.000866567,0.0866567,0.708333,70.8333,324.5,375,9,125,125.324
wolfe_image-028-a,335.5,466,377.5,487,882,0.00264468,0.264468,712,0.00213493,0.213493,0.807256,80.7256,355.5,476,22,226,227.068
wolfe_image-029-a,280.5,105,314.5,137,1088,0.00326237,0.326237,916,0.00274663,0.274663,0.841912,84.1912,297.5,122,36,128,132.966
wolfe_image-030-a,424.5,233,456.5,302,2208,0.00662069,0.662069,1797,0.00538831,0.538831,0.813859,81.3859,441.5,268,108,18,109.49
wolfe_image-031-a,160.5,248,191.5,276,868,0.0026027,0.26027,618,0.00185307,0.185307,0.711982,71.1982,175.5,263,158,13,158.534
wolfe_image-032-a,553.5,441,632.5,501,4740,0.0142129,1.42129,3653,0.0109535,1.09535,0.770675,77.0675,590.5,476,257,226,342.235
wolfe_image-033-a,-1.5,39,128.5,124,11050,0.0331334,3.31334,8386,0.0251454,2.51454,0.758914,75.8914,56.5,85,277,165,322.419
wolfe_image-034-a,439.5,344,486.5,362,846,0.00253673,0.253673,649,0.00194603,0.194603,0.767139,76.7139,462.5,353,129,103,165.076
wolfe_image-035-a,53.5,174,78.5,187,325,0.000974513,0.0974513,234,0.000701649,0.0701649,0.72,72,64.5,180,269,70,277.959
wolfe_image-036-a,177.5,186,227.5,212,1300,0.00389805,0.389805,956,0.00286657,0.286657,0.735385,73.5385,203.5,199,130,51,139.646
wolfe_image-037-a,176.5,341,261.5,385,3740,0.0112144,1.12144,2871,0.0086087,0.86087,0.767647,76.7647,219.5,365,114,115,161.929
wolfe_image-038-a,543.5,303,592.5,330,1323,0.00396702,0.396702,986,0.00295652,0.295652,0.745276,74.5276,565.5,316,232,66,241.205
wolfe_image-039-a,550.5,184,569.5,205,399,0.0011964,0.11964,372,0.00111544,0.111544,0.932331,93.2331,559.5,194,226,56,232.835
wolfe_image-040-a,106.5,109,136.5,154,1350,0.00404798,0.404798,1015,0.00304348,0.304348,0.751852,75.1852,120.5,130,213,120,244.477
wolfe_image-041-a,52.5,368,102.5,417,2450,0.00734633,0.734633,1909,0.00572414,0.572414,0.779184,77.9184,75.5,390,258,140,293.537
wolfe_image-042-a,204.5,62,218.5,103,574,0.00172114,0.172114,464,0.0013913,0.13913,0.808362,80.8362,211.5,83,122,167,206.816
wolfe_image-043-a,842.5,447,881.5,502,2145,0.00482565,0.482565,1649,0.00370979,0.370979,0.768765,76.8765,862.5,475,418,225,474.709
wolfe_image-044-a,84.5,329,124.5,347,720,0.00215892,0.215892,533,0.0015982,0.15982,0.740278,74.0278,105.5,338,228,88,244.393
wolfe_image-045-a,299.5,393,325.5,411,468,0.0014033,0.14033,407,0.00122039,0.122039,0.869658,86.9658,311.5,401,22,151,152.594
wolfe_image-046-a,52.5,476,86.5,501,850,0.00254873,0.254873,791,0.00237181,0.237181,0.930588,93.0588,68.5,488,265,238,356.187
wolfe_image-047-a,147.5,318,165.5,341,414,0.00124138,0.124138,334,0.0010015,0.10015,0.806763,80.6763,155.5,329,178,79,194.743
wolfe_image-048-a,423.5,29,469.5,69,1840,0.00551724,0.551724,1406,0.00421589,0.421589,0.76413,76.413,446.5,48,113,202,231.458
wolfe_image-049-a,70.5,8,152.5,121,9266,0.0277841,2.77841,4535,0.0135982,1.35982,0.489424,48.9424,113.5,60,220,190,290.689
wolfe_image-050-a,127.5,117,195.5,233,7888,0.0236522,2.36522,5634,0.0168936,1.68936,0.714249,71.4249,161.5,173,172,77,188.449
wolfe_image-076-a,191.5,66,229.5,126,2280,0.00683658,0.683658,1669,0.0050045,0.50045,0.732018,73.2018,212.5,93,121,157,198.217
wolfe_image-077-a,356.5,304,400.5,369,2860,0.00857571,0.857571,2036,0.00610495,0.610495,0.711888,71.1888,380.5,333,47,83,95.3834
wolfe_image-078-a,353.5,136,414.5,210,4514,0.0135352,1.35352,3123,0.00936432,0.936432,0.691848,69.1848,384.5,171,51,79,94.0319
wolfe_image-079-a,154.5,169,175.5,203,714,0.00214093,0.214093,335,0.0010045,0.10045,0.469188,46.9188,161.833,188,171.667,62,182.52
wolfe_image-080-a,-1.5,163,73.5,213,3750,0.0112444,1.12444,2548,0.00764018,0.764018,0.679467,67.9467,27.5,190,306,60,311.827
wolfe_image-081-a,366.5,356,497.5,399,5633,0.0168906,1.68906,1336,0.004006,0.4006,0.237174,23.7174,412.833,379,79.3333,129,151.442
wolfe_image-082-a,237.5,133,336.5,303,16830,0.04277,4.277,4368,0.0111004,1.11004,0.259537,25.9537,269.833,183,123.667,67,140.65
wolfe_image-083-a,207.5,225,258.5,273,2448,0.00734033,0.734033,1959,0.00587406,0.587406,0.800245,80.0245,232.5,248,101,2,101.02
wolfe_image-084-a,187.5,242,239.5,322,4160,0.0124738,1.24738,3078,0.00922939,0.922939,0.739904,73.9904,213.5,284,120,34,124.724
wolfe_image-085-a,46.5,179,89.5,210,1333,0.003997,0.3997,978,0.00293253,0.293253,0.733683,73.3683,66.5,195,267,55,272.606
wolfe_image-086-a,441.5,71,458.5,89,306,0.000917541,0.0917541,177,0.000530735,0.0530735,0.578431,57.8431,450.5,79,117,171,207.196
wolfe_image-087-a,187.5,256,239.5,290,1768,0.00530135,0.530135,1439,0.00431484,0.431484,0.813914,81.3914,210.5,273,123,23,125.132
wolfe_image-088-a,423.5,342,467.5,394,2288,0.00686057,0.686057,1770,0.00530735,0.530735,0.773601,77.3601,444.5,369,111,119,162.733
wolfe_image-089-a,337.5,263,434.5,423,15520,0.0465367,4.65367,7248,0.0217331,2.17331,0.46701,46.701,388.5,339,55,89,104.623
wolfe_image-090-a,77.5,319,118.5,385,2706,0.00811394,0.811394,2133,0.0063958,0.63958,0.788248,78.8248,97.5,351,236,101,256.704
wolfe_image-091-a,433.5,329,482.5,396,3283,0.00984408,0.984408,2254,0.00675862,0.675862,0.686567,68.6567,456.5,368,123,118,170.449
wolfe_image-092-a,49.5,336,176.5,392,7112,0.0213253,2.13253,1312,0.00393403,0.393403,0.184477,18.4477,115,361.5,218.5,111.5,245.305
wolfe_image-093-a,221.5,200,256.5,248,1680,0.00503748,0.503748,1107,0.00331934,0.331934,0.658929,65.8929,237.5,224,96,26,99.4585
wolfe_image-094-a,224,201,249,228,675,0.0027,0.27,453,0.001812,0.1812,0.671111,67.1111,236,213,14,37,39.5601
wolfe_image-095-a,136.5,184,280.5,405,31824,0.0954243,9.54243,21663,0.0649565,6.49565,0.680713,68.0713,206.5,295,127,45,134.737
wolfe_image-096-a,299.5,361,332.5,390,957,0.00286957,0.286957,289,0.000866567,0.0866567,0.301985,30.1985,311.5,372,22,122,123.968
wolfe_image-097-a,94.5,358,138.5,418,2640,0.00791604,0.791604,2095,0.00628186,0.628186,0.793561,79.3561,115.5,388,218,138,258.008
wolfe_image-098-a,246.5,396,285.5,445,1911,0.00561233,0.561233,1506,0.00442291,0.442291,0.788069,78.8069,264.5,420,76,170,186.215
wolfe_image-099-a,532.5,177,601.5,257,5520,0.0165517,1.65517,2963,0.00888456,0.888456,0.536775,53.6775,569.833,209.667,236.333,40.3333,239.75
wolfe_image-100-a,582.5,288,641.5,353,3835,0.0114993,1.14993,3289,0.00986207,0.986207,0.857627,85.7627,613.5,321,280,71,288.862
wolfe_image-101-a,576.5,319,610.5,363,1496,0.00448576,0.448576,1240,0.00371814,0.371814,0.828877,82.8877,594.5,340,261,90,276.082
wolfe_image-102-a,557.5,204,579.5,247,946,0.00283658,0.283658,703,0.00210795,0.210795,0.743129,74.3129,567.5,223,234,27,235.553
wolfe_image-103-a,131.5,312,168.5,388,2812,0.00843178,0.843178,1272,0.00381409,0.381409,0.452347,45.2347,146.833,339.667,186.667,89.6667,207.086
wolfe_image-104-a,-0.5,159,76.5,296,10549,0.0316312,3.16312,7492,0.0224648,2.24648,0.710209,71.0209,37.5,229,296,21,296.744
wolfe_image-105-a,439.5,175,518.5,265,7110,0.0213193,2.13193,5171,0.0155052,1.55052,0.727286,72.7286,474.5,219,141,31,144.368
wolfe_image-106-a,431.5,121,470.5,161,1560,0.00665245,0.665245,1236,0.00527079,0.527079,0.792308,79.2308,453.5,143,219,107,243.742
wolfe_image-107-a,206.5,253,273.5,328,5025,0.0150675,1.50675,3059,0.00917241,0.917241,0.608756,60.8756,239.5,288,94,38,101.39
wolfe_image-108-a,239.5,160,304.5,193,2145,0.00643178,0.643178,1497,0.00448876,0.448876,0.697902,69.7902,271.5,175,62,75,97.3088
wolfe_image-109-a,150,209,210,344,8100,0.0232092,2.32092,7315,0.0209599,2.09599,0.903086,90.3086,179,275,170,25,171.828
wolfe_image-110-a,502.5,209,670.5,269,10080,0.0302249,3.02249,9163,0.0274753,2.74753,0.909028,90.9028,583.5,238,250,12,250.288
wolfe_image-111-a,142.5,222,306.5,283,10004,0.029997,2.9997,7286,0.0218471,2.18471,0.728309,72.8309,212.5,249,121,1,121.004
wolfe_image-112-a,404.5,196,464.5,270,4440,0.0133133,1.33133,3326,0.00997301,0.997301,0.749099,74.9099,434.5,232,101,18,102.591
wolfe_image-113-a,270.5,283,337.5,329,3082,0.00924138,0.924138,2350,0.00704648,0.704648,0.762492,76.2492,301.5,305,32,55,63.6318
wolfe_image-114-a,559.5,111,669.5,185,8140,0.0244078,2.44078,7154,0.0214513,2.14513,0.87887,87.887,614.5,145,281,105,299.977
wolfe_image-115-a,105.5,305,168.5,379,4662,0.013979,1.3979,3336,0.010003,1.0003,0.715573,71.5573,139.5,338,194,88,213.026
wolfe_image-116-a,414.5,81,487.5,101,1460,0.00437781,0.437781,862,0.00258471,0.258471,0.590411,59.0411,460.5,90,127,160,204.277
wolfe_image-117-a,77.5,183,226.5,258,11175,0.0335082,3.35082,7912,0.0237241,2.37241,0.708009,70.8009,152.5,228,181,22,182.332
wolfe_image-118-a,605.5,287,626.5,322,735,0.0022039,0.22039,657,0.00197001,0.197001,0.893878,89.3878,615.5,304,282,54,287.124
wolfe_image-119-a,47.5,320,78.5,401,2511,0.00752924,0.752924,1622,0.00486357,0.486357,0.645958,64.5958,60.5,357,273,107,293.22
wolfe_image-120-a,489.5,329,566.5,390,4697,0.0115832,1.15832,3923,0.00967448,0.967448,0.835214,83.5214,529.5,356,124,106,163.132
wolfe_image-121-a,218.5,308,305.5,338,2610,0.00782609,0.782609,2173,0.00651574,0.651574,0.832567,83.2567,259.5,323,74,73,103.947
wolfe_image-122-a,186.5,380,252.5,446,4356,0.0130615,1.30615,2376,0.00712444,0.712444,0.545455,54.5455,215.5,407,118,157,196.4
wolfe_image-123-a,56.5,348,87.5,373,775,0.00232384,0.232384,619,0.00185607,0.185607,0.79871,79.871,71.5,359,262,109,283.769
wolfe_image-124-a,558.5,127,619.5,302,10675,0.032009,3.2009,9764,0.0292774,2.92774,0.91466,91.466,588.5,216,255,34,257.257
wolfe_image-125-a,81.5,348,130.5,401,2597,0.00778711,0.778711,1911,0.00573013,0.573013,0.735849,73.5849,104.5,373,229,123,259.942
wolfe_image-126-a,609.5,266,647.5,337,2698,0.00808996,0.808996,1804,0.0054093,0.54093,0.668643,66.8643,626.5,296,293,46,296.589
wolfe_image-127-a,541.5,224,615.5,291,4958,0.0131687,1.31687,2453,0.00651527,0.651527,0.494756,49.4756,578.5,259,202,9,202.2
wolfe_image-128-a,444.5,425,473.5,481,1624,0.00486957,0.486957,1138,0.00341229,0.341229,0.700739,70.0739,457.5,453,124,203,237.876
wolfe_image-129-a,159.5,384,225.5,494,7260,0.0217691,2.17691,4784,0.0143448,1.43448,0.658953,65.8953,188.5,444,145,194,242.2
wolfe_image-130-a,595.5,355,650.5,385,1650,0.00494753,0.494753,1335,0.004003,0.4003,0.809091,80.9091,621.5,371,288,121,312.386
wolfe_image-131-a,335,147,389,187,2160,0.00618911,0.618911,1690,0.00484241,0.484241,0.782407,78.2407,359,168,10,82,82.6075
wolfe_image-132-a,601.5,273,657.5,317,2464,0.00738831,0.738831,1744,0.00522939,0.522939,0.707792,70.7792,631.5,293,298,43,301.086
wolfe_image-133-a,447.5,143,488.5,219,3116,0.00934333,0.934333,2364,0.00708846,0.708846,0.758665,75.8665,470.5,184,137,66,152.069
wolfe_image-134-a,527.5,310,575.5,369,2832,0.00849175,0.849175,2057,0.00616792,0.616792,0.726342,72.6342,551.5,335,218,85,233.985
wolfe_image-135-a,400.5,161,450.5,193,1600,0.0047976,0.47976,1257,0.00376912,0.376912,0.785625,78.5625,424.5,179,91,71,115.421
wolfe_image-136-a,-1.5,320,159.5,382,9982,0.029931,2.9931,5804,0.0174033,1.74033,0.581447,58.1447,76.5,351,257,101,276.134
wolfe_image-137-a,167.5,240,259.5,274,3128,0.00937931,0.937931,2660,0.00797601,0.797601,0.850384,85.0384,213.5,257,120,7,120.204